country
1.Institute of Evolutionary Biology (CSIC Universitat Pompeu Fabra) 08003 Barcelona, Spain. 2. 3.	Spain
23andMe, Inc	United States
A.N.Bach Institute of Biochemistry, FRC of Biotechnology of RAS	Russia
Aalborg University	Denmark
Aalto University	Finland
Aarhus University	Denmark
Aberystwyth University	United Kingdom
Academia Sinica	Taiwan
Adaptive Biotechnologies	United Kingdom
Africa Centre for Population Health	South Africa
Africa Health Research Institute	South Africa
African Institute for Mathematical Sciences	South Africa
Agricultrual University of Iceland	Iceland
Agricultural Research Organization; Regional Agricultural Research and Development Center, Israel	Israel
Agrochemistry & Food Technology Institute (IATA-CSIC)	Spain
Akershus University College of Applied Sciences	Norway
Alabama State University	United States
Albert Einstein College of Medicine	United States
Albert Ludwigs Universitaet Freiburg	Germany
Allama Iqbal Medical College / Jinnah Hospital	Pakistan
Allama Iqbal Medical College, Allama Shabbir Ahmed Usmani Road, Lahore 54550 Pakistan	Pakistan
AMAbiotics SAS	France
AMOLF	The Netherlands
Analytic and Translational Genetics Unit, Massachusetts General Hospital	United States
Animal Biotechnology Center	United States
ANSES / INRA, UMR CBGP	Argentina
AOS/GFDL - Princeton University	United States
Argonne National Laboratory	United States
Arizona State University	United States
Atheric Pharmaceutical	United States
Auckland University of Technology	New Zealand
Bar Ilan University	Israel
Battelle National Biodefense Institute	United States
Baylor College of Medicine	United States
BC Cancer Agency	Canada
BC Centre for Excellence in HIV/AIDS	Canada
Beijing Institute of Genomics	China
Ben Gurion University of the Negev	Israel
Ben-Gurion University of the Negev	Israel
Benson Hill Biosystems	United States
Bhabha Atomic Research Centre	India
Bhabha Atomic Research Centre, Kalpakkam	India
Bielefeld University	Germany
Bielefeld University, Germany	Germany
Bigelow Laboratory	United States
Bigelow Laboratory for Ocean Sciences	United States
Bio21 Institute, School of BioSciences, The University of Melbourne	Australia
Biodynamic Optical Imaging Center, Peking University, Beijing 100871, China	China
Bioinformatics Analysis Group, Centro de Investigacion y Desarrollo en Biotecnologia	Colombia
Bioinformatics Division, Center for Synthetic and Systems Biology, TNLIST, Tsinghua University	China
Bioinformatics Group, Wageningen University, Wageningen, The Netherlands	The Netherlands
Biology Department, The Johns Hopkins University	United States
Bioluminescent Superbugs Lab, University of Auckland	New Zealand
bioMérieux; Université Lyon 1 UMR5558	France
Bionano Genomics	United States
Biotechnology Research Institute, Universiti Malaysia Sabah	Malaysia
Bose Institute	India
Boston Childrens Hospital, Harvard Medical School	United States
Boston College	United States
Boston University	United States
Boyce Thompson Institute	United States
Brandeis University	United States
Broad Institute	United States
Broad Institute and MIT	United States
Broad Institute of Harvard and MIT	United States
Broad Institute of MIT and Harvard	United States
Broad Institute of MIT and Harvard, United States	United States
Broad Institute of MIT and Harvard, USA	United States
Broad Institute of MIT and Harvard; McGovern Institute, MIT	United States
Broad Institute; McGovern Institute at MIT	United States
Brooklyn College--CUNY	United States
California Department of Public Health	United States
California Institute of Technology	United States
Caltech	United States
Cardiff University	United Kingdom
Cardiff University Neurosciences & Mental Health Research Institute	United Kingdom
Cardiff University, School of Medicine	United Kingdom
Carnegie Institution for Science	United States
Carnegie Mellon University, United States	United States
Cavanilles Institute of Biodiversity and Evolution, University of Valencia	Spain
CCMB	India
CEA Genoscope	France
CEA/Genoscope	France
Cedars-Sinai MC	United States
Cedars-Sinai Medical Center	United States
Celia Engineers	India
Cell and Molecular Biology Program, University of Arkansas, Fayetteville	United States
Center for Bioinformatics & Computational Biology, University of Delaware, Newark, DE, USA	United States
Center for Biotechnology and Bioinformatics, University of Nairobi, Kenya	Kenya
Center for Genome Engineering, Institute for Basic Science, Seoul 08826, South Korea	South Korea
Center for Genomic Regulation (CRG)	Spain
Center for Genomics and Systems Biology, New York University	United States
Center for Plant Biotechnology and Genomics (CBGP) UPM-INIA	Spain
Centers for Disease Control and Prevention	United States
Centre for Ecological and Evolutionary Synthesis, Department of Biosciences, University of Oslo	Norway
Centre for Ecological and Evolutionary Synthesis, Dept. of Biosciences, University of Oslo	Norway
Centre for Ecological and Evolutionary Synthesis, University of Oslo	Norway
Centre for Ecology & Hydrology, Wallingford, UK	United Kingdom
Centre for Epigenetics, Development and Evolution (CEDE), University of Oslo, Norway	Norway
Centre for Eye Research Australia, University of Melbourne, Royal Victorian Eye and Ear Hospital	Australia
Centre for Informatics and Computing, Rudjer Boskovic Institute	Croatia
Centre for Integrative Biology, University of Trento, Italy	Italy
Centre for Integrative Biology, University of Trento, Trento, Italy	Italy
Centre for Mathematics, Technical University of Munich	Germany
Centre for Systems Genomics, The University of Melbourne, Victoria, Australia	Australia
Centre for Systems Genomics, University of Melbourne	Australia
Centre National de la Recherche Scientifique	France
Centro de Biotecnologia y Genomica de Plantas (UPM-INIA)	Spain
Centro de Quimica e Bioquimica, Departamento de Quimica e Bioquimica, FCUL	Portugal
Centro Nacional de Biotecnologia, CNB-CSIC	Spain
Centro National de Pesquisa em Energia e Materiais	Brazil
Centrum Wiskunde & Informatica	The Netherlands
Champalimaud Centre for the Unknown	Portugal
Chang Gung Memorial Hospital	Taiwan
Chinese Academy of Agricultural Sciences	China
CHU Sainte-Justine Research Center	Canada
CIEMAT	Spain
CIRC	France
Clermont University	United States
Cleveland Clinic Lerner Research Institute	United States
CNR Institute of Genetics and Biophysics	Italy
CNRS	France
CNRS, Ecole Normale Superieure de Lyon	France
CNRS, UCBL, UMR 5558, Laboratoire de Biometrie et Biologie Evolutive, 69622 Villeurbanne, France	France
CNRS, UMR7258	France
Cold Spring Harbor Laboratory	United States
College of Animal Science and Technology, Northwest A&F University, China	China
College of Life Sciences, Hunan Normal University, China	China
College of Plant Protection, Northwest A&F University	China
College of Veterinary and Animal Sciences, Parbhani	India
Colorado School of Mines	United States
Colorado State University	United States
Columbia University	United States
Columbia University Medical Center	United States
Consiglio Nazionale delle Ricerche	Italy
Cornell University	United States
Cornell University, United States	United States
Counsyl Inc	United States
CPBS-CNRS	France
CRG	Spain
CSHL	United States
CSIC	Spain
CSIRO	Australia
Currently Unaffiliated	United Kingdom
Curtin University	Australia
Dalhousie University	Canada
Dana-Farber Cancer Institute	United States
Departamento de Fisica, Universidad Nacional de Mar del Plata	Argentina
Département de sciences biologiques, Université de Montréal	Canada
Department of Biochemistry and Molecular Medicine, University of Montreal	Singapore
Department of Biochemistry University of Oxford	United Kingdom
Department of Biochemistry, Yong Loo Lin School of Medicine, National University of Singapore	United States
Department of Bioengineering, University of Illinois at Chicago	China
Department of Bioinformatics, School of Life Sciences and Technology, Tongji University, Shanghai, C	United States
Department of Biological Engineering, Massachusetts Institute of Technology, Cambridge, MA, USA	United States
Department of Biomedical Sciences, School of Public Health, University at Albany	Denmark
Department of Biomedicine, Aarhus University, Denmark	Korea
Department of Bioresources Engineering, Sejong University	Pakistan
Department of Biosciences, COMSATS Institute of Information Technology	India
Department of Biostatistics, School of Public Health, Shandong University	China
Department of Biotechnology, Invertis University, Bareilly- Lucknow NH-24, Bareilly 243123, India	India
Department of Botany and Biotechnology, Karimganj College	United States
Department of Computer Science, University of California Los Angeles, Los Angeles, USA	United States
Department of Earth and Planetary Sciences, Washington University in St. Louis	United States
Department of Ecology, Evolution and Behavior, University of Minnesota, Twin Cities, MN, 55108	Brazil
Department of Energy Joint Genome Institute, Walnut Creek, CA 94598, USA	United States
Department of Entomology, Centro de Pesquisas Aggeu Magalhaes, Fundacao Oswaldo Cruz-Pernambuco	Romania
Department of Genetics, Harvard Medical School	United States
Department of Genetics, Stanford University School of Medicine, Stanford, CA 94305, USA	United States
Department of Genetics, University of Cambridge	United Kingdom
Department of Genetics; Faculty of Biology; University of Bucharest; Bucharest; Romania	Germany
Department of Geobotany, Ruhr University Bochum	United States
department of human genetics, University of Utah	Germany
Department of Mathematics, Universitat Hamburg, Bundesstrae, 55 20146 Hamburg	Canada
Department of Mathematics, Universitat Hamburg, Bundesstrae, 55 20146 Hamburg, Germany	Germany
Department of Medical Biophysics, University of Toronto, Toronto, ON, Canada	Switzerland
Department of Microbiology and Molecular Medicine, University of Geneva, Geneva, Switzerland	United States
Department of Microbiology, The Ohio State University	United States
Department of Molecular Biosciences, Northwestern University, Evanston, IL 60208, USA	United States
Department of Neurology, Xiangya Hospital, Central South University, China	China
Department of Oncological Sciences, Huntsman Cancer Institute, University of Utah School of Medicine	United States
Department of Ophthalmology, School of Medicine, University of Pittsburgh	United States
Department of Pathology and Laboratory Medicine, The University of British Columbia	Canada
Department of Physics and Center for Systems Biology, Harvard University, Cambridge, MA 02138	United States
Department of Physics, University of California at San Diego, La Jolla, CA, USA	United States
Department of Physics, University of California San Diego	Brazil
Department of Physics, University of California, San Diego, CA, USA	United States
Department of Phytopathology, Rural Engineering, and Soil Science (DEFERS), University of Sao Paulo	Brazil
Department of Phytopathology, Rural Engineering, and Soil Science (DEFERS), University of Sao Paulo 	United States
Department of Plant and Microbial Biology, University of California, Berkeley, Berkeley CA 94720	United Kingdom
Department of Plant Sciences, University of Cambridge	United States
Department of Radiology, Institute of Radiology	China
Department of Sanitary Microbiology, School of Public Health, Fudan University	United States
Department of Zoology, University of Oxford, Oxford OX1 3PS, UK	United Kingdom
Departments of Pathology and Laboratory Medicine, University of California, San Francisco	United States
Departments of Physics and Integrative Biology, University of California, Berkeley, CA 94720	United States
Departments of Physics and Integrative Biology, University of California, Berkeley, California 94720	Finland
Dept. of Bioinformatics and Computational Biology, Univ. of Texas MD Anderson Cancer Ctr	United States
Dept. of Biological and Environmental Sciences, University of Jyväskylä	Bangladesh
Dept. of Biotechnology, Bangabandhu Sheikh Mujibur Rahman Ag Univ, Gazipur, Bangladesh	Sweden
Dept. of Cell and Molecular Biology, Computational Biology and Bioinformatics, Uppsala Univeristy	Sweden
Dept. of Microbiology, Tumour and Cell Biology, Karolinska Institutet, Sweden	United States
Dept. of Systems Biology, Harvard Medical School, Boston, USA	United States
Desert Research Institute	United States
DISIM, University of L Aquila	Italy
Division of Biomedical Statistics and Informatics, Mayo Clinic, Rochester, Minnesota	United States
Division of Fundamental Research, PMC Advanced Technology	Japan
Division of Gene Regulation, Institute for Advanced Medical Research, Keio University Sch. Med.	United Kingdom
Division of Medicine, University College London	Germany
DKFZ-ZMBH Alliance, Zentrum fuer Molekulare Biologie der Universitaet Heidelberg	United States
DOE JGI	United States
Donald Danforth Plant Science Center	Canada
Dpt. Mejora Genetica Animal. Instituto Nacional de Investigacion y Tecnologia Agraria y Alimentaria	Spain
Drexel University, Philadelphia, PA, U.S.A.	United States
Duke	United States
Duke University	United States
Duke University, Nicholas School of the Environment	United States
Duke-NUS Medical School, Singapore	Singapore
Earlham Institute	United Kingdom
East Carolina University	United States
Eawag & ETH Zurich	Switzerland
Eawag: Swiss Federal Institute of Aquatic Science and Technology	Switzerland
Ecole normale superieure	France
Ecole normale supérieure	France
Ecole Normale Superieure de Lyon	France
Ecole Polytechnique Federale de Lausanne	France
École Polytechnique Fédérale de Lausanne	France
Ecole Polytechnique Federale de Lausanne (EPFL)	France
Ekiti State University	Nigeria
Ekiti State University, Nigeria	Nigeria
EMBL	Germany
EMBL-EBI	United Kingdom
EMBL-European Bioinformatics Institute	Germany
Emory University	United States
Emory University School of Medicine	United States
EPFL	Switzerland
EPFL and Eawag	Switzerland
EPFL, Switzerland	Switzerland
Erasmusmc	The Netherlands
ETH Zuerich	Switzerland
ETH Zurich	Switzerland
ETH Zurich, East Carolina University	Switzerland
ETH Zurich, SIB	Switzerland
ETH Zurich, Swiss Institute of Bioinformatics	Switzerland
European Molecular Biology Laboratory-European Bioinformatics Institute	Germany
European Molecular Biology Laboratory, European Bioinformatics Institute (EMBL-EBI)	Germany
Evolution of Metabolic Diversity Laboratory, Langebio-Cinvestav-IPN, Irapuato, Mexico	Mexico
Facultad de Ciencias, Universidad de Chile	Chile
Facultad de Ciencias, Universidad de la Republica	Uruguay
Faculty of Biology, Technion - Israel Institute of Technology, Haifa, Israel	Israel
Faculty of Chemistry, Complutense University of Madrid	Spain
Faculty of Veterinary Medicine, Grochowska 272, 03-849 Warsaw, Poland	Poland
Faculty of Veterinary Medicine, University of Helsinki	Finland
Far Eastern Memorial Hospital	Taiwan
Fatima Jinnah Women University, 46000 Rawalpindi, Pakistan	Pakistan
Fatima Jinnah Women University, Rawalpindi 46000, Pakistan	Pakistan
Federal Research and Clinical Centre of Physical-Chemical Medicine	Russia
Federal Research and Clinical Centre of Physical-Chemical Medicine (FRCC CPM)	Russia
Federal University of Brazil	Brazil
FHCRC	United States
Fiocruz	Brazil
Florida Gulf Coast University	United States
Florida International University	United States
Fondazione Edmund Mach (FEM)	Italy
Frankfurt Institute for Advanced Studies	Germany
Fred Hutch	United States
Fred Hutch Cancer Research Center	United States
Fred Hutchinson Cancer Research Center	United States
Fred Hutchinson Cancer Research Center, Seattle, WA	United States
Fred Hutchinson Cancer Research Center; University of Washington Dept. Genome Sciences	United States
Free University of Berlin	Germany
Freie Universitaet Berlin	Germany
Freie Universitaet Berlin, Institut fuer Biologie	Germany
Freie Universität Berlin	Germany
Fujian Agriculture and Forestry University	China
Fundacao Instituto Oswaldo Cruz, VPPLR, Rio de Janeiro - Brazil	Brazil
Fundação Oswaldo Cruz - Fiocruz	Brazil
G.B.Pant University of Agriculture and Technology	India
Ganit Labs	India
Ganit Labs, Bio-IT Centre, Institute of Bioinformatics and Applied Biotechnology	India
Geisel School of Medicine at Dartmouth	United States
Genetics Department, Institute of Biology, Federal University of Rio de Janeiro, RJ, Brazil	Brazil
Geneva University Hospital	Switzerland
Genome Institute of Singapore	Singapore
Genome Institute Singapore, Singapore	Singapore
Georg-August University Goettingen	Germany
Georg-August-University Goettingen	Germany
Georgetown University	United States
Georgia Institute of Technology	United States
Georgia State University	United States
Georgia Tech	United States
GGDSD College, Sector-32C, Chandigarh, India	India
Ghent University	Belgium
Gilead Sciences Inc, Foster City, CA	United States
Gladstone Institute of Cardiovascular Disease	United States
Gladstone Institutes and UCSF	United States
Gladstone Institutes and University of California San Francisco	United States
Glycobia	United States
GMI	United States
GNS Science	New Zealand
Goa University	India
Greenland Institute of Natural Resources	Greenland
Gurdon Institute and Department of Genetics, University of Cambridge, United Kingdom	United Kingdom
H. Lee Moffitt Cancer Center & Research Institute	United States
Hampshire College	United States
Harvard	United States
Harvard Medical School	United States
Harvard Medical School, Department of Genetics, Boston MA, USA	United States
Harvard T. H. Chan School of Public Health	United States
Harvard T.H. Chan School of Public Health	United States
Harvard T.H. Chan School of Public Health; Dana-Farber Cancer Institute	United States
Harvard TH Chan School of Public Health	United States
Harvard University	United States
Harvard University, HHMI	United States
Harvard University, United States	United States
Harvey Mudd College	United States
Hatvard and Ben Gurion University of the Negev	Israel
Health Sciences Library System, University of Pittsburgh, 200 Scaife Hall, Pittsburgh, PA	United States
Heidelberg Institute for Theoretical Studies	Germany
Heinrich Heine University Dusseldorf	Germany
Heinrich-Heine-Universität Düsseldorf	Germany
Heinrich-Heine-University Düsseldorf	Germany
Helmholtz Centre for Infection Research	Germany
Helmholtz Institute for Pharmaceutical Research Saarland	Germany
Hospital Universitario Austral	Argentina
Hospital Universitario Ntra Sra de Candelaria	Spain
Host-Parasite Interaction Biology Group, National Institute of Malaria Research, Delhi	India
Houston Methodist Research Institute	United States
Howard Hughes Medical Institute at Childrens Hospital, Boston	United States
HudsonAlpha Institute for Biotechnology	United States
HudsonAlpha Institute for Biotechnology, Vall d'Hebron Hospital Research Institute	United States
Human Longevity Inc.	United States
Human Longevity Inc., San Diego, CA, USA.	United States
Humboldt-Universität zu Berlin	Germany
Hunter College	United States
IBBEA-CONICET, Universidad de Buenos Aires	Argentina
IBENS	France
IBENS, CREST	France
IBMCP (CSIC-UPV)	Spain
IBMCP-CSIC	Spain
IBMP-CNRS	France
Icahn School of Medicine at Mount Sinai	United States
ICGEB	Italy
ICIS	United Kingdom
IEU/ZIFM, University of Zurich	Switzerland
IFIByNE, DFBMC, FCEN, UBA, Buenos Aires, Argentine	Argentina
IFIC	United States
IGDR - CNRS UMR 6290	France
IITP	India
IITP RAS	India
Illinois State University	United States
Illumina Cambridge Ltd.	United Kingdom
Illumina, San Diego, USA	United States
ILS	India
Imperial College	United Kingdom
Imperial College London	United Kingdom
Imperial College, London	United Kingdom
indear	Argentina
Independent	NA
Independent Scientist	United States
Indian Institute of Chemical Biology	India
Indian Institute of Science	India
Indian Institute of Science Education and Research (IISER) Pune	India
Indian Institute of Science Education and Research Pune	India
Indian Institute of Technology Bombay	India
Indian Institute of Technology Bombay and Monash University	India
Indian Institute of Technology Indore	India
Indiana Univeristy	United States
Indiana University	United States
Indiana University School of Medicine	United States
INRA	France
INRA, CBGP, Montferrier sur Lez, France	France
INRA, UMR 1062, CBGP (INRA, IRD, CIRAD, Montpellier SupAgro)	France
INRS-Institut Armand-Frappier	Canada
Insect-Virus Interactions Group, Department of Genomes and Genetics, Institut Pasteur, Paris, France	France
Inserm - Aix Marseille University	France
INSERM U1163, AP-HP,Necker- Enfants Malades University Hospital,Paris Descartes University	France
Insitut Pasteur Paris	France
Institut Cavanilles de Biodiversitat i Biologia Evolutiva, Universitat de València	Spain
Institut Cavanilles de Biodiversitat I Biologia Evolutiva. Universitat de València	Spain
Institut de Biologie de Ecole Normale Superieure, CNRS, Inserm, ENS, PSL Research University, 7500	France
Institut de Biologie Moléculaire des Plantes	France
Institut de Genetique Moleculaire de Montpellier, Universite de Montpellier	France
Institut de Genomique Fonctionnelle de Lyon	France
Institut Jules Bordet	Belgium
Institut of Evolutionary Biology	Spain
Institut Pasteur	France
Institut Pasteur - G5 RSG	France
Institut Pasteur Montevideo	France
Institut Pasteur, CNRS	France
Institut Pasteur, Guadeloupe	France
Institute for Advanced Biosciences, Keio University	Japan
Institute for Advanced Study	United States
Institute for Disease Modeling	United States
Institute for Integrative Biology of the Cell (I2BC)	France
Institute for Molecular Bioscience	Australia
Institute for Molecular Infection Biology	Germany
Institute for Molecular Infection Biology/Research Center for Infectious Diseases	Germany
Institute for Research on Cancer and Aging, Nice (IRCAN)	France
Institute for Synthetic Microbiology, Heinrich Heine University Duesseldorf	Germany
Institute for Synthetic Microbiology, Heinrich-Heine-University Duesseldorf	Germany
Institute for Systems Biology	United States
Institute for Systems Biology, United States	United States
Institute for Systems Genetics, NYU Langone Medical Center, New York City, NY 10016, USA	United States
Institute of Agrochemistry & Food Technology (IATA-CSIC)	Spain
Institute of Biological, Environmental and Rural Sciences (IBERS), Aberystwyth University, Aberystwy	United States
Institute of Biology, Molecular Parasitology, Humboldt-University at Berlin	Germany
Institute of Biometeorology, National Research Council	Italy
Institute of Biophysics - CNR	Italy
Institute of Biotechnology, University of Helsinki	Finland
Institute of Chemistry, Federal University of Rio de Janeiro	Brazil
Institute of Computer Science, Martin Luther University Halle-Wittenberg	Germany
Institute of Endemic Diseases	Sudan
Institute of Evolutionary Biology (UPF-CSIC), PRBB, 08003 Barcelona, Spain.	Spain
Institute of Evolutionary Biology, University of Edinburgh	United Kingdom
Institute of Evolutionary Biology, University of Edinburgh, King's Buildings, Edinburgh, EH9 3FL, UK	United Kingdom
Institute of Food Biotechnology and Genomics	Ukraine
Institute of Genetics, Physiology and Plant Protection	Moldova
Institute of Health and Biomedical Innovation, Queensland University of Technology	Australia
Institute of Hygiene, University of Muenster, Muenster, Germany	Germany
Institute of Life Sciences	India
Institute of Marine Sciences	Spain
Institute of Mathematical Sciences and Physics, University of the Philippines Los Banos	Phillipines
Institute of Medical Biology	Singapore
Institute of Microbiology and Infection, School of Biosciences, University of Birmingham	United Kingdom
Institute of Molecular Biology, Academia Sinica. Taipei 115, Taiwan	Taiwan
Institute of Molecular Evolution, Heinrich-Heine University, 40225 Duesseldorf, Germany	Germany
Institute of Molecular Life Sciences, University of Zurich	Switzerland
Institute of Molecular Systems Biology, D-BIOL, ETH Zurich 8093 Zurich, Switzerland	Switzerland
Institute of Parasitology, BC CAS & Faculty of Science, University of South Bohemia, Czech Republic	Czech Republic
Institute of Parasitology, BC CAS & Faculty of Science, University of South Bohemia, Czech Republic 	Czech Republic
Institute of Physical-Chemical and Biological Problems of Soil Science RAS	Russia
Institute of Research on Cancer and Ageing of Nice (IRCAN)	France
Institute of Social and Preventive Medicine (ISPM)	Switzerland
institute of Systems and Synthetic Biology	France
Instituto de Biología Molecular y Celular de Plantas	Spain
Instituto de Biología Molecular y Celular de Plantas (CSIC-UPV)	Spain
Instituto de Diversidad y Ecologia Animal	Argentina
Instituto de Física, UNAM	Mexico
Instituto de Investigaciones Fisicas de Mar del Plata, UNMdP and CONICET	Argentina
Instituto Evandro Chagas	Brazil
Instituto Gulbenkian de Ciencia	Portugal
Instituto Gulbenkian de CIencia	Portugal
Instituto Nacional de Enfermedades Infecciosas, ANLIS, Buenos Aires, Argentina	Argentina
Instituto Nacional de Pesquisas da Amazônia,	Brazil
Instituto Oswaldo Cruz, Fiocruz	Brazil
Instituto Superior de Engenharia de Lisboa - ISEL, Department of Mathematics	Portugal
Interdisciplinary Scientific Research	United States
International Centre for Genetic Engineering and Biotechnology	India
International Potato Center	Peru
ioGenetics LLC, Madison, WI	United States
Iowa State University	United States
IRD	France
IRD, CBGP-BIOPASS	France
IST Austria (Institute of Science and Technology Austria), 3400 Klosterneuburg, Austria	Austria
Istituto Italiano di Tecnologia / University of Trento	Italy
Istituto Zooprofilattico Sperimentale del'Abruzzo e del Molise \\G. Caporale\\	Italy
J Craig Venter Institute	United States
Jamia Millia Islamia	India
Japan Agency for Marine-Earth Science and Technology	Japan
Jawaharlal Nehru Centre for Advanced Scientific Research	India
Jawaharlal Nehru Centre for Advanced Scientififc Research	India
JCVI	United States
Jianghan University	China
John Curtin School of Medical Research, the Australian National University	Australia
John Innes Centre	United Kingdom
Johns Hopkins Bloomberg School of Public Health	United States
Johns Hopkins University	United States
JOHNS HOPKINS UNIVERSITY	United States
Johns Hopkins University Applied Physics Laboratory	United States
Johns Hopkins University School of Medicine	United States
Johns Hopkins University School of Medicine, United States	United States
KAIST	South Korea
Karlsruhe Institute of Technology	Germany
Karolinska Institute	Sweden
Karolinska Institutet	Sweden
Kasturba Medical College	India
Kathmandu University	Nepal
Keck Graduate Institute	United States
Kenyon College	United States
Keygene N.V.	The Netherlands
King Saud University	Saudi Arabia
Koc University	Turkey
Korea Research Institute of Bioscience and Biotechnology	Korea
KTH Royal Institute of Technology	Sweden
KU Leuven - University of Leuven, Department of Microbiology and Immunology, Laboratory of Viral Me	Belgium
KU Leuven - University of Leuven, Department of Microbiology and Immunology, Laboratory of Viral Me 	Belgium
Kunming Institute of Zoology	China
Kuwait Institute for Scientific Research	Kuwait
Kyoto Prefectural University of Medicine	Japan
Kyoto University	Japan
Kyung Hee University	Korea
Laboratoire MIVEGEC (UMR CNRS-IRD-UM1-UM2 5290)	France
Laboratório  de Morfogênese Celular, Universidade Federal do Rio de Janeiro	Brazil
Laboratorio Nacional de Genomica para la Biodiversidad	Mexico
Laboratóriode Morfogênese Celular, Universidade Federal do Rio de Janeiro	China
Laboratory for Gene and Cell Engineering, Shenzhen Institute of Advanced Technology, Chinese Academy	Croatia
Laboratory Genetic Metabolic Diseases, Academic Medical Center, University of Amsterdam	The Netherlands
Laboratory of Evolutionary Genetics, Division of Molecular Biology, Ruder  Boskovic Institute	Croatia
Laboratory of Evolutionary Genetics, Division of Molecular Biology, RuderBoskovic Institute	Brazil
Laboratory of Molecular Evolution and Bioinformatics, Department of Microbiology, Biomedical Science	Belgium
Laboratory of Virology and Chemotherapy, KU Leuven - University of  Leuven, Leuven, Belgium	Belgium
Laboratory of Virology and Chemotherapy, KU Leuven - University ofLeuven, Leuven, Belgium	Brazil
Lady Davis Institute, Segal Cancer Centre, Jewish General Hospital, Montreal, Quebec, Canada	Canada
Lancaster University	United Kingdom
LANCIS, Instituto de Ecologia, Universidad Nacional Autonoma de Mexico	Mexico
LANGEBIO-CINVESTAV	Mexico
Lawrence Berkeley Lab	United States
Lawrence Berkeley National Lab	United States
Lawrence Berkeley National Laboratory	United States
Lawrence Berkeley National Laboratory / Joint Genome Institute	United States
Lawrence Livermore National Laboratory	United States
Lehigh University	United States
Leibniz Insitute of Vegetable and Ornamental Crops	Germany
Leibniz Institute DSMZ - German Collection of Microorganisms and Cell Cultures	Germany
Leiden Institute of Chemistry, Leiden University, Leiden, The Netherlands	The Netherlands
Leiden University	The Netherlands
Leiden University Medical Center	The Netherlands
Lewis Sigler Institute for Integrative Genomics, Princeton University	United States
LIN SB RAS	Russia
Lincoln University	United States
Linnaeus University	Sweden
Lisbon University	Portugal
LLNL	United States
LMU Munich	Germany
LMU Munich / Dept. of Biology I	Germany
London School of Hygiene & Tropical Medicine	United Kingdom
London School of Hygiene and Tropical Medicine	United Kingdom
Los Alamos National Lab	United States
Los Alamos National Laboratory	United States
Los Alamos National Laboratory, United States	United States
Louisiana State University	United States
Loyola University Chicago	United States
LPS, ENS/LIPHY, UGA	France
Lund University	Sweden
Lyon UCBL University (France)	France
M.V. Lomonosov Moscow State University	Russia
Marine Biological Laboratory	United States
Martin-Luther University Halle-Wittenberg	Germany
Massachusetts General Hospital	United States
Massachusetts Institute of Technology	United States
Massachusetts Institute of Technology (MIT)	United States
Massachusetts Institute of Technology, USA	United States
Massey University	New Zealand
MAST Icelandic Food and Veterinary Authority	Iceland
Max Planck Institute for Biology of Ageing	Germany
Max Planck Institute for Biophysical Chemistry	Germany
Max Planck Institute for Chemical Ecology	Germany
Max Planck Institute for Developmental Biology	Germany
Max Planck Institute for Developmental Biology, Tuebingen	Germany
Max Planck Institute for Evolutionary Anthropology	Germany
Max Planck Institute for Evolutionary Biology	Germany
Max Planck Institute for Medical Research	Germany
Max Planck Institute for Psycholinguistics, Nijmegen, The Netherlands	Germany
Max Planck Institute for Terrestrial Microbiology	Germany
Max Planck Institute for Terrestrial Microbiology, 35043 Marburg, Germany	Germany
Max Planck Institute for the Science of Human History	Germany
Max Planck Institute for the Science of Human History, Jena, Germany	Germany
Max Planck Institute of Biochemistry	Germany
Max Planck Institute of Molecular Cell Biology and Genetics	Germany
Max Planck Institute of Molecular Physiology	Germany
Max-Planck Institute for Molecular Genetics, Research Group Development & Disease	Germany
Max-Planck Institute for Plant Breeding Research	Germany
Max-Planck Odense Centre on the Biodemography of Aging, Campusvej 55, 5230 Odense, Denmark	Denmark
Max-Planck-Institute for Biophysical Chemistry	Germany
Mayo Clinic	United States
MBGU, Jawaharlal Nehru Centre for Advanced Scientific Research, Bangalore, India	India
McGill University	Canada
McMaster University	Canada
MCP Inc	United States
Mechnikov Institute of Microbiology and Immunology	Russia
Medical Faculty and University of Geneva	Switzerland
Medical Research Center, Sun Yat-Sen Memorial Hospital, Sun Yat-Sen University	China
Medical Systems Biology, Dept of Pathology, The University of Melbourne	Australia
Medicinal Genomics	United States
Meinig School of Biomedical Engineering, Cornell University	United States
Memorial Sloan Kettering Cancer Center	United States
Merck Research Laboratories, Merck & Co. Inc.	United States
Michael Smith Laboratories, University of British Columbia, Vancouver, British Columbia, Canada	Canada
Michigan State University	United States
Michigan State University, United States	United States
Michigan State Universty	United States
Michigan Technological University	United States
Mikocheni Agriculture Research Institute (MARI), P.O. Box 6226, Dar es Salaam, Tanzania	Tanzania
Millersville University	United States
Ministry of Education and Wuhan University School of Pharmaceutical Sciences	China
MIT	United States
MIT Lincoln Laboratory	United States
Molecular and Cellular Biology (FAS) Center for Systems Biology, Harvard University	United States
Mount Holyoke College	United States
MPI-CBG	Germany
MPOB	Malaysia
MRC Biostatistics Unit	United Kingdom
MRC Clinical Sciences Centre	United Kingdom
MRC Clinical Sciences Centre, United Kingdom	United Kingdom
MRC Laboratory of Molecular Biology	United Kingdom
MRC University of Glasgow Centre for Virus Research	United Kingdom
Muhammadiyah University of Surakarta	Indonesia
Nagasaki University	Japan
NAICONS Srl	Italy
Nanjing Agricultural University	China
Nanjing Normal University	China
Nanyang Technological University	Singapore
NARO	Japan
NASA Johnson Space Center	United States
National Biodefense Analysis and Countermeasures Center	United States
National Cancer Institute	United States
National Centre for Biological Sciences	India
National Centre for Biological Sciences, Tata Institute of Fundamental Research	India
National Crops Resources Research Institute	Uganda
National Human Genome Research Institute	United States
National Institute for Environmental Studies	United States
National Institute for Public Health and the Environment	United States
National Institute of Allergy and Infectious Diseases	United States
National Institute of Technology , Rourkela	India
National Institutes of Health	United States
National Microbiology Lab - Public Health Agency of Canada	Canada
National Microbiology Laboratory, Public Health Agency of Canada, Winnipeg, Manitoba, Canada	Canada
National TB Reference Laboratory, National Center for Tuberculosis and Lung Diseases, Tbilisi	Georgia
National University of Singapore	Singapore
Natural Resources Institute Finland (Luke)	Finland
NBACC	United States
Nestle Institute of Health Sciences SA	Switzerland
New England Biolabs	United States
New England Complex Systems Institute	United States
New York Genome Center, and Columbia University	United States
New York University	United States
New York University Langone Medical Center	United States
New Zealand Institute for Advanced Study, Massey University	New Zealand
Newcastle University, United Kingdom	United Kingdom
NICHD/National Institutes of Health	United States
Niels Bohr Institute	Denmark
NIH	United States
Nirma University	India
NIST/JIMB	United States
none	Canada
North Carolina State University	United States
Northeastern University	United States
Northern Arizona University	United States
Northern Arizona University; Translational Genomics Research Institute	United States
Northwestern University	United States
Norwegian University of Life Sciences	Norway
Nottingham University	United Kingdom
Novo Nordisk Foundation Center for Biosustainability at the Technical University of Denmark	Denmark
Nuclear Dynamics Programme, Babraham Institute, Cambridge, UK	United Kingdom
NYU	United States
NYU Center for Genomics and Systems Biology	United States
NYU School of Medicine	United States
NZIAS, Massey University	New Zealand
Oak Ridge National Laboratory	United States
Obafemi Awolowo University, Ile-Ife	Nigeria
Ocean University of China	China
Oh no sequences! Research group. Era7 Bioinformatics	Spain
Omnes Res	United States
One Codex (Reference Genomics, Inc.)	United States
Open Vision	United States
Ophiuchus	Canada
Oregon State University	United States
Oswaldo Cruz Institute	Brazil
Otto-von-Guericke University Magdeburg	Germany
OUCRU	United Kingdom
Oxford Brookes University	United Kingdom
Oxford Gene Technology	United Kingdom
Oxford Nanopore Technologies	United Kingdom
Oxford Nanopore Technologies Inc., New York, USA	United States
Oxford University Clinical Research Unit	United Kingdom
Pacific Biosciences	United States
Pacific Northwest National Laboratory	United States
PANGAEA, Data Publisher for Earth and Environmental Science, 28359, Bremen, Germany	Germany
Pasteur Institute of Sao Paulo, Brazil	Brazil
Peking University	China
Penn State University	United States
Pennsylvania State University	United States
Pennsylvania State University & Federal University of Viçosa	United States
Perlara PBC	United States
Peruvian Centre for Cetacean Research	Peru
Peter Doherty Institute for Infection & Immunity, Australia	Australia
Physiology, Universidad Austral de Chile	Chile
Plant & Food Research	New Zealand
Plant Pathology Group, ETH Zürich, Universitatstrasse 2, 8092, Zürich, Switzerland	Switzerland
Plant-Microbe Interactions - Utrecht University. Department of Plant Systems Biology, VIB	The Netherlands
PolygenicPathways	United Kingdom
Princeton University	United States
PROCC/Fiocruz	Brazil
Proctor Foundation, University of California, San Francisco	United States
Proctor Foundation/University of California San Francisco	United States
Public Health Agency of Canada	Canada
Public Health England	United Kingdom
Purdue Universi	United States
Purdue University	United States
PZM Diagnostics, LLC	United States
Queen's University	Canada
Queen's University Belfast	United Kingdom
Radboudumc	The Netherlands
Regeneron Genetics Center	United States
Rene Rachou Research Center	Brazil
Renmin University of China	China
Reproductive Medicine Institute Japan	Japan
Research Center Borstel	Germany
Research Institute for Microbial Diseases, Osaka University	Japan
Research Institute of Physical-Chemical Medicine	Russia
Research Institute of Pomology, Chinese Academy of Agricultural Sciences	China
Rice Research Institute, Sichuan Agricultural University at Wenjiang, Chengdu, Sichuan 611130, China	China
Rice University	United States
RIKEN	Japan
RIVM (National Institute for Public Health and the Environment)	The Netherlands
Robert Boyle Institut e.V.	Germany
Robert Koch Institute	Germany
Roche Innovation Center, Basel, Switzerland	Switzerland
Rochester Institute of Technology	United States
Roslin Institute, University of Edinburgh	United Kingdom
Ruder Boskovic Institute	Croatia
Russian-Armenian University	Armenia
Rutgers University	United States
RVCE	India
Saarland University and Max Planck Institute for Informatics	Germany
Saint Petersburg State University	Russia
Saint Petersburg State University, Russia	Russia
San Diego State University	United States
San Francisco State University	United States
San Raffaele Scientific Institute	Italy
Santa Fe Institute	United States
Sarah Cannon Research Institute, United States	United States
SASTRA University	India
School of Biological Sciences, University of Canterbury, Christchurch, New Zealand	New Zealand
SCHOOL OF CHEMICAL AND BIOTECHNOLOGY, SASTRA UNIVERSITY	India
School of Computing Science, Newcastle University, UK	United Kingdom
School of Life Science and Technology, University of Electronic Science and Technology of China	China
School of life sciences, Sun Yat-sen university	China
School of Life Sciences, University of Sussex, Brighton, UK	United Kingdom
School of Medicine and Institute of Tropical Medicine, University of Sao Paulo, Brazil	Brazil
School of Physics, Center for Quantitative Biology, Peking University, Beijing 100871, China	China
School of Veterinary Medicine, University College Dublin, Ireland	Ireland
Scripps Institution of Oceanography	United States
Seattle Children's Hospital, University of Washington	United States
Section of Ecology, Behavior and Evolution, Division of Biological Sciences, UCSD	United States
Servicio de Microbiologia, Hospital Universitario Ramon y Cajal University Hospital, Ramon y Cajal 	Spain
Shanghai Institute of Rheumatology, Renji Hospital, School of Med., Shanghai JiaoTong Univ.	China
Shanghai Jiao Tong University	China
Shemyakin-Ovchinnikov Institute of Bioorganic Chemistry	Russia
Shenzhen University Health Science Center	China
Shin Kong Hospital	Taiwan
SIB Swiss Institute of Bioinformatics and University Hospital of Lausanne	Switzerland
Sichuan Agricultural University	China
Signature Science, LLC	United States
Simon Fraser University	United States
Simons Foundation	United States
Singapore General Hospital	Singapore
Smithsonian Institution	United States
Soochow University	China
Sorbonne Universités, UPMC Univ Paris 06, INSERM	France
South Australian Health and Medical Research Institute	Australia
Southern Medical University	United States
Southwest University, Chongqing	China
Spanish National Biotechnology Centre (CNB-CSIC)	Spain
St. Jude Children's Research Hospital	United States
St. Petersburg State University	United States
Stanford	United States
Stanford University	United States
Stanford University Department of Bioengineering	United States
State Key Laboratory of Biotherapy, West China Hospital, Sichuan University	China
State Key Laboratory of Genetic Resources and Evolution, Kunming Institute of Zoology, CAS	China
State Key Laboratory of Pathogen and Biosecurity, Beijing Institute of Microbiology and Epidemiolog	China
State Key Laboratory of Pathogen and Biosecurity, Beijing Institute of Microbiology and Epidemiolog 	China
State University of New York at Buffalo	United States
Stellenbosch University	South Africa
Stockholm University	Denmark
Stony Brook University	United States
Stony Brook Univesity	United States
Sun Yat-sen University	China
SUNY Upstate Medical University	United States
Swammerdam Institute for Life Sciences University of Amsterdam	The Netherlands
Swiss Tropical and Public Health Institute, Basel, Switzerland	Switzerland
Tata Consultancy Services	India
Tata Institute of Fundamental Research	India
Tata Institution of Fundamental Research	India
Technical University Munich, Department of Informatics	Germany
Technical University of Berlin	Germany
Technical University of Denamrk	Denmark
Technical University of Denmark	Denmark
Technical University of Munich	Germany
Technion	Israel
Technion - Israel Institute of Technology	Israel
Technion- Israel Institute of Technology	Israel
Technische Universität Dresden	Germany
Technische Universitat Munchen	Germany
Technische Universität München	Germany
Tel Aviv University	Israel
Tel Aviv University, Israel	Israel
Tel-Aviv University	Israel
Telethon Kids Institute, The University of Western Australia, Perth, Australia	Australia
Terrestrial Biofilms Group, Institute of Microbiology, Friedrich Schiller University Jena	Germany
Texas A&M University	United States
Texas Tech University	United States
The Boyce Thompson Institute	United States
The Broad Institute of MIT and Harvard	United States
The Chinese University of Hong Kong	China
The City College of New York	United States
The First Affiliated Hospital of China Medical University	China
The First Affiliated Hospital of Wenzhou Medical University, China	China
The former Molecular Sciences Institute	United States
The Francis Crick Institute	United Kingdom
The Genome Analysis Centre	United Kingdom
The Gregor Mendel Institute	Austria
The Hebrew University of Jerusalem	Israel
The Hospital for Sick Children	Canada
The Hospital for Tropical Diseases, Wellcome Trust Major Overseas Programme, Oxford University Clini	United Kingdom
The Jackson Laboratory	United States
The Jackson Laboratory, Bar Harbor, ME 04609 USA	United States
The Jackson Laboratory, United States	United States
The Johns Hopkins University School of Medicine	United States
The Lunenfeld-Tanenbaum Research Institute	Canada
The MITRE Corporation	United States
The New Zealand Institute for Plant and Food Research Limited	New Zealand
The New Zealand Institute for Plant and Food Ressearch Limited	New Zealand
The Ohio State University	United States
The Ohio State University College of Medicine, Department of Neuroscience	United States
The Pennsylvania State University	United States
The Pirbright Institute	United Kingdom
The Rockefeller University	United States
The Sainsbury Laboratory	United Kingdom
The Sainsbury Laboratory, Norwich Research Park, Norwich, NR4 7UH, United Kingdom	United Kingdom
The Scripps Research Institute	United States
The University of Adelaide	Australia
The University of Arizona	United States
The University of California, San Francisco	United States
The University of Chicago	United States
The University of Edinburgh	United Kingdom
The University of Hong Kong	China
The University of Idaho	United States
The University of Manchester	United Kingdom
The University of Melbourne	Australia
The University of Oregon	United States
The University of Queensland	Australia
The University of Texas at Austin	United States
The University of Tulsa- Tulsa Community College	United States
Thermo Fisher Scientific, First Technology Place, 3EPIP, Whitefield, Bengaluru 560 066, India.	India
Third Institute of Oceanography, State Oceanic Administration	Canada
Tokai University School of Medicine	Japan
Translational Genomics Research Institute	United States
Translational Medicine Center, PLA hospital No. 454, China	China
Tsinghua University	China
TU Berlin	Germany
Tulane University	United States
U.S. Naval Medical Research Unit No. 6, Lima and Iquitos, Peru	United States
uBiome	United States
UC Berkeley	United States
UC Davis	United States
UC Davis Genome Center	United States
UC Merced	United States
UC Merced, United States	United States
UC San Diego	United States
UCL	United Kingdom
UCL Institute of Child Health	United Kingdom
UCL Institute of Neurology, Queen Square, London, WC1N 3BG, UK	United Kingdom
UCL, London	United Kingdom
UCLA	United States
UCSD	United States
UCSF	United States
UK Centre for Astrobiology	United Kingdom
UMass Med School	United States
UMass Medical School	United States
Umea University	Sweden
UMMS	United States
UMR CNRS 5558 Laboratoire de Biometrie et de Biologie Evolutive	France
UMR6290  CNRS / University Rennes 1, France	France
Unaffiliated	
UNC Eshelman School of Pharmacy	United States
UNESP	Brazil
Uni Research Environmet	Norway
Unicamp	Brazil
Unidad Mixta Infeccion y Salud Publica FISABIO CSISP Universitat de Valencia, Instituto Cavanilles	Spain
Unit of Animal Genomics, GIGA-R, Université de Liège (ULg), 4000 Liège, Belgium	Belgium
Univ. of California at Davis	United States
Univeristy of Chicago	United States
Universiade Potiguar, Medical School and Secretaria de Estado da Saude do RN/CEFOPE-ETSUS	Brazil
Universidad Austral de Chile	Chile
Universidad Autónoma de Nuevo León	Mexico
Universidad Autonoma de Queretaro	Mexico
Universidad de Vigo; School of Computer Science (Spain)	Spain
Universidad Nacional de San Luis	Argentina
Universidad Politécnica de Madrid	Spain
Universidad Veracruzana	Mexico
Universidade de Sao Paulo	Brazil
Universidade Federal de Mato Grosso do Sul	Brazil
Universidade Federal de Minas Gerais	Brazil
Universitat de Barcelona	Canada
Universitat de Valencia	France
Universitat Pompeu Fabra	France
Universite de Lyon	France
Universite de Montreal	France
Université de Montréal	Spain
Université de Nantes	Spain
Universite de Sherbrooke	Canada
Universite de Strasbourg, CNRS, GMGM UMR 7156, F-67000, Strasbourg	France
Universite du Quebec a Montreal	Canada
Universite du Quebec a Trois-Rivieres	Canada
Université Laval	Canada
Universite Libre de Bruxelles	Canada
Université Lyon 1, France	Belgium
Universite Pierre et Marie Curie	France
Universiteit Antwerpen	Belgium
Universiteit Utrecht	The Netherlands
Universiti Kebangsaan Malaysia Medical Centre	Malaysia
Universiti Putra Malaysia	Malaysia
University at Buffalo Jacobs School of Medicine, United States	United States
University at Buffalo, State University of New York	United States
University College Dublin	Ireland
University College London	United Kingdom
University College London Genetics Institute	United Kingdom
University Hospital Center and University of Lausanne	Switzerland
University Hospital La Pitie-Salpetriere - Charles Foix	France
University Laval	France
University Medical Center Groningen 	The Netherlands
University Medical Center Utrecht	The Netherlands
University Medical Center Utrecht - Department of Medical Microbiology	The Netherlands
University Medical Center Utrecht (Utrecht, NL)	The Netherlands
University Medicine Greifswald	Germany
University of Adelaide	Australia
University of Alberta	United States
University of Antwerp	Belgium
University of Arizona	United States
University of Arizona, United States	United States
University of Auckland	New Zealand
University of Basel, Basel, Switzerland	Switzerland
University of Bath	Germany
University of Bergen	Germany
University of Bern	Switzerland
University of Birmingham	United Kingdom
University of Birmingham, UK	United Kingdom
University of Botswana	Botswana
University of Bristol	United Kingdom
University of British Columbia	Canada
University of Calgary	Canada
University of California	United States
University of California - Riverside	United States
University of California at Los Angeles	United States
University of California at San Diego	United States
University of California Berkeley	United States
University of California Davis	United States
University of California Irvine	United States
University of California Los Angeles	United States
University of California Riverside	United States
University of California San Diego	United States
University of California San Diego, USA	United States
University of California San Francisco	United States
University of California, Berkeley	United States
University of California, Davis	United States
University of California, Davis, United States	United States
University of California, Los Angeles	United States
University of California, San Diego	United States
University of California, San Diego; Counsyl	United States
University of California, San Francisco	United States
University of California, San Fransisco	United States
University of California, Santa Cruz	United States
University of Cambridge	United Kingdom
University of Cambridge, Sainsbury Laboratory	United Kingdom
University of Canterbury	United Kingdom
University of Canterbury & Imperial College London	United Kingdom
University of Chicago	United States
University of Chicago, United States	United States
University of Cincinnati	United States
University of Colorado	United States
University of Colorado Boulder	United States
University of Colorado Denver	United States
University of Colorado School of Medicine, United States	United States
University of Connecticut	United States
University of Copenhagen	Denmark
University of Copenhagen, Marine Biological Section, Department of Biology	Denmark
University of Cyprus	Cyprus
University of Delaware	United States
University of Dundee	United Kingdom
University of East Anglia	United Kingdom
University of Edinburgh	United Kingdom
University of Exeter	United Kingdom
University of Florence	Italy
University of Florida	United States
University of Florida, Gainesville, FL, USA	United States
University of Fribourg	Germany
University of Gent	Belgium
University of Georgia	United States
University of Georgia, United States	United States
University of Glasgow	United Kingdom
University of Gothenburg	Sweden
University of Gothenburg, Department of Biological and Environmental Sciences, Gothenburg, Sweden	Sweden
University of Gothenburg, Sweden	Sweden
University of Greifswald	Germany
University of Groningen	The Netherlands
University of Groningen, University Medical Centre Groningen	The Netherlands
University of Guelph	Canada
University of Guelph, Department of Plant Agriculture	Canada
University of Hawaii	United States
University of Heidelberg	Germany
University of Helsinki	Finland
University of Houston	United States
University of Huelva	Spain
University of Hull	United Kingdom
University of Ibadan	Nigeria
University of Ibadan, Nigeria	Nigeria
University of Idaho	United States
University of Illinois at Urbana Champaign, United States	United States
University of Illinois at Urbana-Champaign	United States
University of Illinois Urbana-Champaign	United States
University of Iowa, United States	United States
University of Jos, Jos, Plateau State, Nigeria	Nigeria
University of Jyvaskyla	Finland
University of Kaiserslautern	Denmark
University of Kansas	United States
University of Konstanz	Denmark
University of Lausanne	Switzerland
University of Leicester	United Kingdom
University of Leipzig	Germany
University of Liege	Belgium
University of Liverpool	United Kingdom
University of Louisville	United States
University of Luxembourg	Luxembourg
University of Malaya	Malaysia
University of Manchester	United Kingdom
University of Manchester, United Kingdom	United Kingdom
University of Maryland	United States
University of Maryland College Park	United States
University of Maryland, College Park, Center for Bioinformatics and Computational Biology	United States
University of Maryland, College Park, MD	United States
University of Massachusetts Medical School	United States
University of Massachusetts, Amherst	United States
University of Massachusetts, Dartmouth	United States
University of Massachussetts Medical School	United States
University of Melbourne	Australia
University of Memphis	United States
University of Miami Miller School of Medicine	United States
University of Michigan	United States
University of Michigan, United States	United States
University of Milano-Bicocca	Italy
University of Minnesota	United States
University of Minnesota - Twin Cities	United States
University of Missouri, Division of Gastroenterology and Hepatology	United States
University of Modena and Reggio Emilia	Italy
University of Montpellier	France
University of Montreal	Canada
University of Nevada-Reno	United States
University of New Hampshire	United States
University of New Mexico	United States
University of New South Wales	Australia
University of North Carolina at Chapel Hill	United States
University of Notre Dame	United States
University of Nottingham	United Kingdom
University of Oregon	United States
University of Oslo	Norway
University of Otago	New Zealand
University of Otago, New Zealand	New Zealand
University of Ottawa	Canada
University of Oxford	United Kingdom
University of Oxford, Department of Computer Science	United Kingdom
University of Oxford, United Kingdom	United Kingdom
university of pennsylvania	United States
University of Pennsylvania	United States
University of Pittsburgh	United States
University of Pretoria	South Africa
University of Queensland	Australia
University of Sheffield	United Kingdom
University of Sherbrooke	Canada
University of South Carolina	United States
University of South Florida	United States
University of Southampton	United Kingdom
University of Southern California	United States
University of Southern Denmark	Denmark
University of St Andrews	United Kingdom
University of Strasbourg / CNRS	France
University of Strathclyde	United Kingdom
University of Surrey	United Kingdom
University of Sussex	United Kingdom
University of Swat	Pakistan
University of Tartu	Estonia
University of Technology Sydney	Australia
University of Tennessee	United States
University of Texas	United States
University of Texas at Austin	United States
University of Texas Southwestern Medical Center	United States
University of the West of England	United Kingdom
University of Tokyo	Japan
University of Toronto	Canada
University of Toronto/Hospital for Sick Children	Canada
University of Torontoi	Canada
University of Trento	Italy
University of Turin	Italy
University of Ulster	United Kingdom
University of Utah	United States
University of Valencia	Spain
University of Vermont	United States
University of Vienna	Austria
University of Virginia	United States
University of Virginia School of Medicine	United States
University of Warwick	United Kingdom
University of Warwick, UK	United Kingdom
University of Washington	United States
University of Washington / Fred Hutchinson Cancer Research Center	United States
University of Washington Tacoma	United States
University of Washington, Seattle	United States
University of Washington, Seattle Children's Research Institute	United States
University of Washington, United States	United States
University of Waterloo	Canada
University of Waterloo, Dept of Biology	Canada
University of Western Australia	Australia
University of Western Ontario	Canada
University of Wisconsin	United States
University of Wisconsin - Madison	United States
University of Wisconsin Madison	United States
University of Wisconsin-Madison	United States
University of Wisconsin-Madison and Wisconsin National Primate Research Center	United States
University of Wisconsin-Madison, United States	United States
University of Wuerzburg, Institute for Molecular Infection Biology	Germany
University of Wyoming	United States
University of York	United Kingdom
University of Zagreb Faculty of Electrical Engineering and Computing	Croatia
University of Zuerich	Switzerland
University of Zurich	Switzerland
University Pierre and Marie Curie	France
University Pompeu Fabra	Spain
Universty of Calcutta	India
UPMC Univ. Paris 06	France
Uppsala University	Sweden
US Naval Research Laboratory	United States
USC	United States
USDA ARS National Forage Seed Production Research Unit	United States
USDA-ARS BARC-WEST	United States
UT-Austin	United States
Utrecht University	The Netherlands
UW	United States
Vanderbilt University	United States
Vanderbilt University, United States	United States
Veterinary Consultancy, Conrada 16/65, 01-922 Warsaw, Poland	Poland
Victor Chang Cardiac Research Institute	Australia
Vienna University of Technology	Austria
Virginia Commonwealth University	United States
Virginia Tech	United States
Vrije Universiteit Amsterdam	The Netherlands
VU University Medical Center	The Netherlands
VUMC	The Netherlands
Wadsworth Center, New York State Department of Health, Albany, New York	United States
Wageningen University	The Netherlands
Wageningen UR	The Netherlands
Walter and Eliza Hall Institute of Medical Research	Australia
Washington State University	United States
Washington University	United States
Washington University in St. Louis	United States
Washington University School of Medicine, United States	United States
Water Research Institute, National Research Council of Italy (IRSA-CNR), Rome, Italy	Italy
Watson School of Biological Sciences, Cold Spring Harbor Lab	United States
Wattanothaipayap School	Thailand
Wayne State University	United States
Weill Cornell Medicine	United States
Weisenthal Cancer Group	United States
Weizmann Institute of Science	Israel
Weizmann institute of science, Rehovot, Israel	Israel
Wellcome Trust Centre for Human Genetics	United Kingdom
Wellcome Trust Centre for Human Genetics, Roosevelt Drive, Oxford, OX3 7BN, UK	United Kingdom
Wellcome Trust Centre for Human Genetics, University of Oxford	United Kingdom
Wellcome Trust Sanger Institute	United Kingdom
Wellcome Trust Sanger Institute and University of Cambridge, Cambridge, United Kingdom	United Kingdom
Wellcome Trust Sanger Institute, Cambridge, United Kingdom	United Kingdom
West China Hospital	China
West of Scotland Specialist Virology Centre, Glasgow, UK	United Kingdom
Westfälische Wilhelms-Universität Münster, Univerdade de Santiago de Compostela	Germany
Whitehead Institute for Biomedical Research	United States
Whitehead Institute for Biomedical Research / MIT	United States
Worcester Polytechnic Institute	United States
WRHI and SACEMA	South Africa
Wyss Institute at Harvard University	United States
Wyss Institute for Bioinspired Engineering	United States
Xiamen University	China
Xuzhou Medical University	China
Yale School of Medicine	United States
Yale University	United States
Yale University (current: Michigan State University)	United States
Yangzhou University	China
Yazd Cardiovascular Research Center, Shahid Sadoughi University of Medical Sciences, Yazd, Iran.	Iran
Yumanity Theraputics	United States
Zentrum fuer Molekulare Biologie der Universitaet Heidelberg (ZMBH), University of Heidelberg	Germany
